<?xml version="1.0" encoding="UTF-8"?>
<project-private xmlns="http://www.netbeans.org/ns/project-private/1">
    <editor-bookmarks xmlns="http://www.netbeans.org/ns/editor-bookmarks/2" lastBookmarkId="0"/>
    <open-files xmlns="http://www.netbeans.org/ns/projectui-open-files/2">
        <group>
            <file>file:/home/user/NetBeansProjects/387shav/controllers/SiteController.php</file>
            <file>file:/home/user/NetBeansProjects/387shav/views/site/map2.php</file>
            <file>file:/home/user/NetBeansProjects/387shav/views/site/map4.php</file>
            <file>file:/home/user/NetBeansProjects/387shav/models/Cabinets.php</file>
            <file>file:/home/user/NetBeansProjects/387shav/views/layouts/main.php</file>
            <file>file:/home/user/NetBeansProjects/387shav/web/index.php</file>
            <file>file:/home/user/NetBeansProjects/387shav/views/site/index.php</file>
            <file>file:/home/user/NetBeansProjects/387shav/views/site/login.php</file>
            <file>file:/home/user/NetBeansProjects/387shav/views/site/map3.php</file>
            <file>file:/home/user/NetBeansProjects/387shav/web/css/site.css</file>
        </group>
    </open-files>
</project-private>
